Name,Hex (RGB)
black,#000000
aliceblue,#f0f8ff
darkcyan,#008b8b
lightyellow,#ffffe0
coral,#ff7f50
dimgray,#696969
lavender,#e6e6fa
teal,#008080
lightgoldenrodyellow,#fafad2
tomato,#ff6347
gray,#808080
lightsteelblue,#b0c4de
darkslategray,#2f4f4f
lemonchiffon,#fffacd
orangered,#ff4500
darkgray,#a9a9a9
lightslategray,#778899
darkgreen,#006400
wheat,#f5deb3
red,#ff0000
silver,#c0c0c0
slategray,#708090
green,#008000
burlywood,#deb887
crimson,#dc143c
lightgray,#d3d3d3
steelblue,#4682b4
forestgreen,#228b22
tan,#d2b48c
mediumvioletred,#c71585
gainsboro,#dcdcdc
royalblue,#4169e1
seagreen,#2e8b57
khaki,#f0e68c
deeppink,#ff1493
whitesmoke,#f5f5f5
midnightblue,#191970
mediumseagreen,#3cb371
yellow,#ffff00
hotpink,#ff69b4
white,#ffffff
navy,#000080
mediumaquamarine,#66cdaa
gold,#ffd700
palevioletred,#db7093
snow,#fffafa
darkblue,#00008b
darkseagreen,#8fbc8f
orange,#ffa500
pink,#ffc0cb
ghostwhite,#f8f8ff
mediumblue,#0000cd
aquamarine,#7fffd4
sandybrown,#f4a460
lightpink,#ffb6c1
floralwhite,#fffaf0
blue,#0000ff
palegreen,#98fb98
darkorange,#ff8c00
thistle,#d8bfd8
linen,#faf0e6
dodgerblue,#1e90ff
lightgreen,#90ee90
goldenrod,#daa520
magenta,#ff00ff
antiquewhite,#faebd7
cornflowerblue,#6495ed
springgreen,#00ff7f
peru,#cd853f
fuchsia,#ff00ff
papayawhip,#ffefd5
deepskyblue,#00bfff
mediumspringgreen,#00fa9a
darkgoldenrod,#b8860b
violet,#ee82ee
blanchedalmond,#ffebcd
lightskyblue,#87cefa
lawngreen,#7cfc00
chocolate,#d2691e
plum,#dda0dd
bisque,#ffe4c4
skyblue,#87ceeb
chartreuse,#7fff00
sienna,#a0522d
orchid,#da70d6
moccasin,#ffe4b5
lightblue,#add8e6
greenyellow,#adff2f
saddlebrown,#8b4513
mediumorchid,#ba55d3
navajowhite,#ffdead
powderblue,#b0e0e6
lime,#00ff00
maroon,#800000
darkorchid,#9932cc
peachpuff,#ffdab9
paleturquoise,#afeeee
limegreen,#32cd32
darkred,#8b0000
darkviolet,#9400d3
mistyrose,#ffe4e1
lightcyan,#e0ffff
yellowgreen,#9acd32
brown,#a52a2a
darkmagenta,#8b008b
lavenderblush,#fff0f5
cyan,#00ffff
darkolivegreen,#556b2f
firebrick,#b22222
purple,#800080
seashell,#fff5ee
aqua,#00ffff
olivedrab,#6b8e23
indianred,#cd5c5c
indigo,#4b0082
oldlace,#fdf5e6
turquoise,#40e0d0
olive,#808000
rosybrown,#bc8f8f
darkslateblue,#483d8b
ivory,#fffff0
mediumturquoise,#48d1cc
darkkhaki,#bdb76b
darksalmon,#e9967a
blueviolet,#8a2be2
honeydew,#f0fff0
darkturquoise,#00ced1
palegoldenrod,#eee8aa
lightcoral,#f08080
mediumpurple,#9370db
mintcream,#f5fffa
lightseagreen,#20b2aa
cornsilk,#fff8dc
salmon,#fa8072
slateblue,#6a5acd
azure,#f0ffff
cadetblue,#5f9ea0
beige,#f5f5dc
lightsalmon,#ffa07a
mediumslateblue,#7b68ee
桜色,#fef4f4
小豆色,#96514d
黄金,#e6b422
萌葱色,#006e54
古代紫,#895b8a
薄桜,#fdeff2
枯茶,#8d6449
櫨染,#d9a62e
花緑青,#00a381
茄子紺,#824880
桜鼠,#e9dfe5
飴色,#deb068
黄朽葉色,#d3a243
翡翠色,#38b48b
二藍,#915c8b
鴇鼠,#e4d2d8
駱駝色,#bf794e
山吹茶,#c89932
青緑,#00a497
京紫,#9d5b8b
虹色,#f6bfbc
土色,#bc763c
芥子色,#d0af4c
水浅葱,#80aba9
蒲葡,#7a4171
珊瑚色,#f5b1aa
黄唐茶,#b98c46
豆がら茶,#8b968d
錆浅葱,#5c9291
若紫,#bc64a4
一斤染,#f5b199
桑染,#b79b5b
麹塵,#6e7955
青碧,#478384
紅紫,#b44c97
宍色,#efab93
櫨色,#b77b57
山鳩色,#767c6b
御召茶,#43676b
梅紫,#aa4c8f
紅梅色,#f2a0a1
黄橡,#b68d4c
利休鼠,#888e7e
湊鼠,#80989b
 菖蒲色,#cc7eb1
薄紅,#f0908d
丁字染,#ad7d4c
海松茶,#5a544b
高麗納戸,#2c4f54
紅藤色,#cca6bf
甚三紅,#ee827c
香染,#ad7d4c
藍海松茶,#56564b
百入茶,#1f3134
浅紫,#c4a3bf
桃色,#f09199
枇杷茶,#ae7c4f
藍媚茶,#555647
錆鼠,#47585c
紫水晶,#e7e7eb
鴇色,#f4b3c2
芝翫茶,#ad7e4e
千歳茶,#494a41
錆鉄御納戸,#485859
薄梅鼠,#dcd6d9
撫子色,#eebbcb
焦香,#ae7c58
岩井茶,#6b6f59
藍鼠,#6c848d
暁鼠,#d3cfd9
灰梅,#e8d3c7
胡桃色,#a86f4c
仙斎茶,#474b42
錆御納戸,#53727d
牡丹鼠,#d3ccd6
灰桜,#e8d3d1
渋紙色,#946243
黒緑,#333631
舛花色,#5b7e91
霞色,#c8c2c6
淡紅藤,#e6cde3
朽葉色,#917347
柳煤竹,#5b6356
熨斗目花色,#426579
藤鼠,#a6a5c4
石竹色,#e5abbe
桑茶,#956f29
樺茶色,#726250
御召御納戸,#4c6473
半色,#a69abd
薄紅梅,#e597b2
路考茶,#8c7042
空五倍子色,#9d896c
鉄御納戸,#455765
薄色,#a89dac
桃花色,#e198b4
国防色,#7b6c3e
生壁色,#94846a
紺鼠,#44617b
薄鼠,#9790a4
水柿,#e4ab9b
伽羅色,#d8a373
肥後煤竹,#897858
藍鉄,#393f4c
鳩羽鼠,#9e8b8e
ときがら茶,#e09e87
江戸茶,#cd8c5c
媚茶,#716246
青褐,#393e4f
鳩羽色,#95859c
退紅,#d69090
樺色,#cd5e3c
白橡,#cbb994
褐返,#203744
桔梗鼠,#95949a
薄柿,#d4acad
紅鬱金,#cb8347
亜麻色,#d6c6af
褐色,#4d4c61
紫鼠,#71686c
長春色,#c97586
土器色,#c37854
榛色,#bfa46f
月白,#eaf4fc
葡萄鼠,#705b67
梅鼠,#c099a0
狐色,#c38743
灰汁色,#9e9478
白菫色,#eaedf7
濃色,#634950
鴇浅葱,#b88884
黄土色,#c39143
利休茶,#a59564
白花色,#e8ecef
紫鳶,#5f414b
梅染,#b48a76
琥珀色,#bf783a
鶯茶,#715c1f
藍白,#ebf6f7
濃鼠,#4f455c
蘇芳香,#a86965
赤茶,#bb5535
木蘭色,#c7b370
白藍,#c1e4e9
藤煤竹,#5a5359
浅蘇芳,#a25768
代赭,#bb5520
砂色,#dcd3b2
水色,#bce2e8
滅紫,#594255
真朱,#ec6d71
煉瓦色,#b55233
油色,#a19361
瓶覗,#a2d7dd
紅消鼠,#524748
赤紫,#eb6ea5
雀茶,#aa4f37
利休色,#8f8667
秘色色,#abced8
似せ紫,#513743
躑躅色,#e95295
団十郎茶,#9f563a
梅幸茶,#887938
空色,#a0d8ef
灰黄緑,#e6eae3
牡丹色,#e7609e
柿渋色,#9f563a
璃寛茶,#6a5d21
勿忘草色,#89c3eb
蕎麦切色,#d4dcd6
今様色,#d0576b
紅鳶,#9a493f
黄海松茶,#918754
青藤色,#84a2d4
薄雲鼠,#d4dcda
中紅,#c85179
灰茶,#98623c
菜種油色,#a69425
白群,#83ccd2
枯野色,#d3cbc6
薔薇色,#e9546b
茶色,#965042
青朽葉,#ada250
浅縹,#84b9cb
潤色,#c8c2be
韓紅,#e95464
檜皮色,#965036
根岸色,#938b4b
薄花色,#698aab
利休白茶,#b3ada0
銀朱,#c85554
鳶色,#95483f
鶸茶,#8c8861
納戸色,#008899
茶鼠,#a99e93
赤紅,#c53d43
柿茶,#954e2a
柳茶,#a1a46d
浅葱色,#00a3af
胡桃染,#a58f86
紅緋,#e83929
弁柄色,#8f2e14
海松色,#726d40
花浅葱,#2a83a2
江戸鼠,#928178
赤,#e60033
赤錆色,#8a3319
鶯色,#928c36
新橋色,#59b9c6
煤色,#887f7a
猩々緋,#e2041b
 褐色,#8a3b00
緑黄色,#dccb18
天色,#2ca9e1
丁子茶,#b4866b
紅,#d7003a
栗梅,#852e19
鶸色,#d7cf3a
露草色,#38a1db
柴染,#b28c6e
深緋,#c9171e
紅檜皮,#7b4741
抹茶色,#c5c56a
青,#0095d9
宗伝唐茶,#a16d5d
緋色,#d3381c
海老茶,#773c30
若草色,#c3d825
薄藍,#0094c8
砺茶,#9f6f55
赤丹,#ce5242
唐茶,#783c1d
黄緑,#b8d200
縹色,#2792c3
煎茶色,#8c6450
紅赤,#d9333f
栗色,#762f07
若芽色,#e0ebaf
紺碧,#007bbb
銀煤竹,#856859
臙脂,#b94047
赤銅色,#752100
若菜色,#d8e698
薄群青,#5383c3
黄枯茶,#765c47
朱・緋,#ba2636
錆色,#6c3524
若苗色,#c7dc68
薄花桜,#5a79ba
煤竹色,#6f514c
茜色,#b7282e
赤褐色,#683f36
青丹,#99ab4e
群青色,#4c6cb3
焦茶,#6f4b3e
紅海老茶,#a73836
茶褐色,#664032
草色,#7b8d42
杜若色,#3e62ad
黒橡,#544a47
蘇芳,#9e3d3f
栗皮茶,#6d3c32
苔色,#69821b
瑠璃色,#1e50a2
憲法色,#543f32
真紅,#a22041
黒茶,#583822
萌黄,#aacf53
薄縹,#507ea4
涅色,#554738
濃紅,#a22041
葡萄茶,#6c2c2f
苗色,#b0ca71
瑠璃紺,#19448e
檳榔子染,#433d3c
象牙色,#f8f4e6
葡萄色,#640125
若葉色,#b9d08b
紺瑠璃,#164a84
黒鳶,#432f2f
練色,#ede4cd
萱草色,#f8b862
松葉色,#839b5c
藍色,#165e83
赤墨,#3f312b
灰白色,#e9e4d4
柑子色,#f6ad49
夏虫色,#cee4ae
青藍,#274a78
黒紅,#302833
蒸栗色,#ebe1a9
金茶,#f39800
鶸萌黄,#82ae46
深縹,#2a4073
白,#ffffff
女郎花,#f2f2b0
蜜柑色,#f08300
柳色,#a8c97f
紺色,#223a70
胡粉色,#fffffc
枯草色,#e4dc8a
鉛丹色,#ec6d51
青白橡,#9ba88d
紺青,#192f60
卯の花色,#f7fcfe
淡黄,#f8e58c
黄丹,#ee7948
柳鼠,#c8d5bb
留紺,#1c305c
白磁,#f8fbf8
白茶,#ddbb99
柿色,#ed6d3d
裏葉柳,#c1d8ac
濃藍,#0f2350
生成り色,#fbfaf5
赤白橡,#d7a98c
黄赤,#ec6800
山葵色,#a8bf93
鉄紺,#17184b
乳白色,#f3f3f3
洗柿,#f2c9ac
人参色,#ec6800
老竹色,#769164
漆黒,#0d0015
白練,#f3f3f2
鳥の子色,#fff1cf
橙色,#ee7800
白緑,#d6e9ca
淡藤色,#bbc8e6
素色,#eae5e3
蜂蜜色,#fddea5
照柿,#eb6238
淡萌黄,#93ca76
藤色,#bbbcde
白梅鼠,#e5e4e6
肌色,#fce2c4
赤橙,#ea5506
柳染,#93b881
紅掛空色,#8491c3
白鼠,#dcdddd
薄卵色,#fde8d0
金赤,#ea5506
薄萌葱,#badcad
紅碧,#8491c3
絹鼠,#dddcd6
雄黄,#f9c89b
朱色,#eb6101
深川鼠,#97a791
紺桔梗,#4d5aaf
灰青,#c0c6c9
洒落柿,#f7bd8f
小麦色,#e49e61
若緑,#98d98e
花色,#4d5aaf
銀鼠,#afafb0
赤香,#f6b894
丹色,#e45e32
浅緑,#88cb7f
紺藍,#4a488e
薄鈍,#adadad
砥粉色,#f4dda5
黄茶,#e17b34
薄緑,#69b076
紅桔梗,#4d4398
薄墨色,#a3a3a2
肉色,#f1bf99
肉桂色,#dd7a56
青鈍,#6b7b6e
桔梗色,#5654a2
錫色,#9ea1a3
人色,#f1bf99
赤朽葉色,#db8449
青磁鼠,#bed2c3
藤納戸,#706caa
素鼠,#9fa0a0
丁子色,#efcd9a
黄櫨染,#d66a35
薄青,#93b69c
紅掛花色,#68699b
鼠色,#949495
香色,#efcd9a
蒲公英色,#ffd900
錆青磁,#a6c8b2
紫苑色,#867ba9
源氏鼠,#888084
薄香,#f0cfa0
黄色,#ffd900
緑青色,#47885e
白藤色,#dbd0e6
灰色,#7d7d7d
浅黄,#edd3a1
中黄,#ffea00
千歳緑,#316745
藤紫,#a59aca
鉛色,#7b7c7d
枯色,#e0c38c
菜の花色,#ffec47
若竹色,#68be8d
菫色,#7058a3
鈍色,#727171
淡香,#f3bf88
黄檗色,#fef263
緑,#3eb370
青紫,#674598
墨,#595857
杏色,#f7b977
卵色,#fcd575
常磐色,#007b43
菖蒲色,#674196
丼鼠,#595455
東雲色,#f19072
花葉色,#fbd26b
千草鼠,#bed3ca
竜胆色,#9079ad
消炭色,#524e4d
曙色,#f19072
刈安色,#f5e56b
千草色,#92b5a9
江戸紫,#745399
藍墨茶,#474a4d
珊瑚朱色,#ee836f
玉蜀黍色,#eec362
青磁色,#7ebea5
本紫,#65318e
羊羹色,#383c3c
深支子,#eb9b6f
金糸雀色,#ebd842
青竹色,#7ebeab
 葡萄色,#522f60
蝋色,#2b2b2b
纁,#e0815e
黄支子色,#ffdb4f
常磐緑,#028760
深紫,#493759
黒,#2b2b2b
浅緋,#df7163
支子色,#fbca4d
木賊色,#3b7960
紫黒,#2e2930
烏羽色,#180614
真赭,#d57c6b
向日葵色,#fcc800
天鵞絨,#2f5d50
紫,#884898
鉄黒,#281a14
洗朱,#d0826c
山吹色,#f8b500
虫襖,#3a5b52
薄葡萄,#c0a2c7
濡羽色,#000b00
遠州茶,#ca8269
鬱金色,#fabf14
革色,#475950
紫紺,#460e44
黒檀,#250d00
紅樺色,#bb5548
藤黄,#f7c114
深緑,#00552e
暗紅色,#74325c
憲法黒茶,#241a08
赭,#ab6953
金色,#e6b422
鉄色,#005243
桑の実色,#55295b
暗黒色,#16160e
さくらいろ,#fef4f4
あずきいろ,#96514d
こがね,#e6b422
もえぎいろ,#006e54
こだいむらさき,#895b8a
うすざくら,#fdeff2
からちゃ,#8d6449
はじぞめ,#d9a62e
はなろくしょう,#00a381
なすこん,#824880
さくらねず,#e9dfe5
あめいろ,#deb068
きくちばいろ,#d3a243
ひすいいろ,#38b48b
ふたあい,#915c8b
ときねず,#e4d2d8
らくだいろ,#bf794e
やまぶきちゃ,#c89932
あおみどり,#00a497
きょうむらさき,#9d5b8b
にじいろ,#f6bfbc
つちいろ,#bc763c
からしいろ,#d0af4c
みずあさぎ,#80aba9
えびぞめ,#7a4171
さんごいろ,#f5b1aa
きがらちゃ,#b98c46
まめがらちゃ,#8b968d
さびあさぎ,#5c9291
わかむらさき,#bc64a4
いっこんぞめ,#f5b199
くわぞめ,#b79b5b
きくじん,#6e7955
せいへき,#478384
べにむらさき,#b44c97
ししいろ,#efab93
はじいろ,#b77b57
やまばといろ,#767c6b
おめしちゃ,#43676b
うめむらさき,#aa4c8f
こうばいいろ,#f2a0a1
きつるばみ,#b68d4c
りきゅうねずみ,#888e7e
みなとねずみ,#80989b
あやめいろ,#cc7eb1
うすべに,#f0908d
ちょうじぞめ,#ad7d4c
みるちゃ,#5a544b
こうらいなんど,#2c4f54
べにふじいろ,#cca6bf
じんざもみ,#ee827c
こうぞめ,#ad7d4c
あいみるちゃ,#56564b
ももしおちゃ,#1f3134
あさむらさき,#c4a3bf
ももいろ,#f09199
びわちゃ,#ae7c4f
あいこびちゃ,#555647
さびねず,#47585c
むらさきすいしょう,#e7e7eb
ときいろ,#f4b3c2
しかんちゃ,#ad7e4e
せんさいちゃ,#494a41
さびてつおなんど,#485859
うすうめねず,#dcd6d9
なでしこいろ,#eebbcb
こがれこう,#ae7c58
いわいちゃ,#6b6f59
あいねず,#6c848d
あかつきねず,#d3cfd9
はいうめ,#e8d3c7
くるみいろ,#a86f4c
せんさいちゃ,#474b42
さびおなんど,#53727d
ぼたんねず,#d3ccd6
はいざくら,#e8d3d1
しぶかみいろ,#946243
くろみどり,#333631
ますはないろ,#5b7e91
かすみいろ,#c8c2c6
あわべにふじ,#e6cde3
くちばいろ,#917347
やなぎすすたけ,#5b6356
のしめはないろ,#426579
ふじねず,#a6a5c4
せきちくいろ,#e5abbe
くわちゃ,#956f29
かばちゃいろ,#726250
おめしおなんど,#4c6473
はしたいろ,#a69abd
うすこうばい,#e597b2
ろこうちゃ,#8c7042
うつぶしいろ,#9d896c
てつおなんど,#455765
うすいろ,#a89dac
ももはないろ,#e198b4
こくぼうしょく,#7b6c3e
なまかべいろ,#94846a
こんねず,#44617b
うすねず,#9790a4
みずがき,#e4ab9b
きゃらいろ,#d8a373
ひごすすたけ,#897858
あいてつ,#393f4c
はとばねずみ,#9e8b8e
ときがらちゃ,#e09e87
えどちゃ,#cd8c5c
こびちゃ,#716246
あおかち,#393e4f
はとばいろ,#95859c
あらぞめ,#d69090
かばいろ,#cd5e3c
しろつるばみ,#cbb994
かちかえし,#203744
ききょうねず,#95949a
うすがき,#d4acad
べにうこん,#cb8347
あまいろ,#d6c6af
かちいろ,#4d4c61
むらさきねず,#71686c
ちょうしゅんいろ,#c97586
かわらけいろ,#c37854
はしばみいろ,#bfa46f
げっぱく,#eaf4fc
ぶどうねずみ,#705b67
うめねず,#c099a0
きつねいろ,#c38743
あくいろ,#9e9478
しろすみれいろ,#eaedf7
こきいろ,#634950
ときあさぎ,#b88884
おうどいろ,#c39143
りきゅうちゃ,#a59564
しらはないろ,#e8ecef
むらさきとび,#5f414b
うめぞめ,#b48a76
こはくいろ,#bf783a
うぐいすちゃ,#715c1f
あいじろ,#ebf6f7
こいねず,#4f455c
すおうこう,#a86965
あかちゃ,#bb5535
もくらんじき,#c7b370
しらあい,#c1e4e9
ふじすすたけ,#5a5359
あさすおう,#a25768
たいしゃ,#bb5520
すないろ,#dcd3b2
みずいろ,#bce2e8
けしむらさき,#594255
まそお,#ec6d71
れんがいろ,#b55233
あぶらいろ,#a19361
かめのぞき,#a2d7dd
べにけしねずみ,#524748
あかむらさき,#eb6ea5
すずめちゃ,#aa4f37
りきゅういろ,#8f8667
ひそくいろ,#abced8
にせむらさき,#513743
つつじいろ,#e95295
だんじゅうろうちゃ,#9f563a
ばいこうちゃ,#887938
そらいろ,#a0d8ef
はいきみどり,#e6eae3
ぼたんいろ,#e7609e
かきしぶいろ,#9f563a
りかんちゃ,#6a5d21
わすれなぐさいろ,#89c3eb
そばきりいろ,#d4dcd6
いまよういろ,#d0576b
べにとび,#9a493f
きみるちゃ,#918754
あおふじいろ,#84a2d4
うすくもねず,#d4dcda
なかべに,#c85179
はいちゃ,#98623c
なたねゆいろ,#a69425
びゃくぐん,#83ccd2
かれのいろ,#d3cbc6
ばらいろ,#e9546b
ちゃいろ,#965042
あおくちば,#ada250
あさはなだ,#84b9cb
うるみいろ,#c8c2be
からくれない,#e95464
ひわだいろ,#965036
ねぎしいろ,#938b4b
うすはないろ,#698aab
りきゅうしろちゃ,#b3ada0
ぎんしゅ,#c85554
とびいろ,#95483f
ひわちゃ,#8c8861
なんどいろ,#008899
ちゃねずみ,#a99e93
あかべに,#c53d43
かきちゃ,#954e2a
やなぎちゃ,#a1a46d
あさぎいろ,#00a3af
くるみぞめ,#a58f86
べにひ,#e83929
べんがらいろ,#8f2e14
みるいろ,#726d40
はなあさぎ,#2a83a2
えどねず,#928178
あか,#e60033
あかさびいろ,#8a3319
うぐいすいろ,#928c36
しんばしいろ,#59b9c6
すすいろ,#887f7a
しょうじょうひ,#e2041b
かっしょく,#8a3b00
りょくおうしょく,#dccb18
あまいろ,#2ca9e1
ちょうじちゃ,#b4866b
くれない,#d7003a
くりうめ,#852e19
ひわいろ,#d7cf3a
つゆくさいろ,#38a1db
ふしぞめ,#b28c6e
こきひ,#c9171e
べにひはだ,#7b4741
まっちゃいろ,#c5c56a
あお,#0095d9
そうでんからちゃ,#a16d5d
ひいろ,#d3381c
えびちゃ,#773c30
わかくさいろ,#c3d825
うすあい,#0094c8
とのちゃ,#9f6f55
あかに,#ce5242
からちゃ,#783c1d
きみどり,#b8d200
はなだいろ,#2792c3
せんちゃいろ,#8c6450
べにあか,#d9333f
くりいろ,#762f07
わかめいろ,#e0ebaf
こんぺき,#007bbb
ぎんすすだけ,#856859
えんじ,#b94047
しゃくどういろ,#752100
わかないろ,#d8e698
うすぐんじょう,#5383c3
きがらちゃ,#765c47
あけ,#ba2636
さびいろ,#6c3524
わかなえいろ,#c7dc68
うすはなざくら,#5a79ba
すすたけいろ,#6f514c
あかねいろ,#b7282e
せっかっしょく,#683f36
あおに,#99ab4e
ぐんじょういろ,#4c6cb3
こげちゃ,#6f4b3e
べにえびちゃ,#a73836
ちゃかっしょく,#664032
くさいろ,#7b8d42
かきつばたいろ,#3e62ad
くろつるばみ,#544a47
すおう,#9e3d3f
くりかわちゃ,#6d3c32
こけいろ,#69821b
るりいろ,#1e50a2
けんぽういろ,#543f32
しんく,#a22041
くろちゃ,#583822
もえぎ,#aacf53
うすはなだ,#507ea4
くりいろ,#554738
こいくれない,#a22041
えびちゃ,#6c2c2f
なえいろ,#b0ca71
るりこん,#19448e
びんろうじぞめ,#433d3c
ぞうげいろ,#f8f4e6
えびいろ,#640125
わかばいろ,#b9d08b
こんるり,#164a84
くろとび,#432f2f
ねりいろ,#ede4cd
かんぞういろ,#f8b862
まつばいろ,#839b5c
あいいろ,#165e83
あかすみ,#3f312b
かいはくしょく,#e9e4d4
こうじいろ,#f6ad49
なつむしいろ,#cee4ae
せいらん,#274a78
くろべに,#302833
むしぐりいろ,#ebe1a9
きんちゃ,#f39800
ひわもえぎ,#82ae46
こきはなだ,#2a4073
しろ,#ffffff
おみなえし,#f2f2b0
みかんいろ,#f08300
やなぎいろ,#a8c97f
こんいろ,#223a70
ごふんいろ,#fffffc
かれくさいろ,#e4dc8a
えんたんいろ,#ec6d51
あおしろつるばみ,#9ba88d
こんじょう,#192f60
うのはないろ,#f7fcfe
たんこう,#f8e58c
おうに,#ee7948
やなぎねず,#c8d5bb
とめこん,#1c305c
はくじ,#f8fbf8
しらちゃ,#ddbb99
かきいろ,#ed6d3d
うらはやなぎ,#c1d8ac
こいあい,#0f2350
きなりいろ,#fbfaf5
あかしろつるばみ,#d7a98c
きあか,#ec6800
わさびいろ,#a8bf93
てつこん,#17184b
にゅうはくしょく,#f3f3f3
あらいがき,#f2c9ac
にんじんいろ,#ec6800
おいたけいろ,#769164
しっこく,#0d0015
しろねり,#f3f3f2
とりのこいろ,#fff1cf
だいだいいろ,#ee7800
びゃくろく,#d6e9ca
あわふじいろ,#bbc8e6
そしょく,#eae5e3
はちみついろ,#fddea5
てりがき,#eb6238
うすもえぎ,#93ca76
ふじいろ,#bbbcde
しらうめねず,#e5e4e6
はだいろ,#fce2c4
あかだいだい,#ea5506
やなぎぞめ,#93b881
べにかけそらいろ,#8491c3
しろねず,#dcdddd
うすたまごいろ,#fde8d0
きんあか,#ea5506
うすもえぎ,#badcad
べにみどり,#8491c3
きぬねず,#dddcd6
ゆうおう,#f9c89b
しゅいろ,#eb6101
ふかがわねずみ,#97a791
こんききょう,#4d5aaf
はいあお,#c0c6c9
しゃれがき,#f7bd8f
こむぎいろ,#e49e61
わかみどり,#98d98e
はないろ,#4d5aaf
ぎんねず,#afafb0
あかこう,#f6b894
にいろ,#e45e32
あさみどり,#88cb7f
こんあい,#4a488e
うすにび,#adadad
とのこいろ,#f4dda5
きちゃ,#e17b34
うすみどり,#69b076
べにききょう,#4d4398
うすずみいろ,#a3a3a2
にくいろ,#f1bf99
にっけいいろ,#dd7a56
あおにび,#6b7b6e
ききょういろ,#5654a2
すずいろ,#9ea1a3
ひといろ,#f1bf99
あかくちばいろ,#db8449
せいじねず,#bed2c3
ふじなんど,#706caa
すねずみ,#9fa0a0
ちょうじいろ,#efcd9a
こうろぜん,#d66a35
うすあお,#93b69c
べにかけはないろ,#68699b
ねずみいろ,#949495
こういろ,#efcd9a
たんぽぽいろ,#ffd900
さびせいじ,#a6c8b2
しおんいろ,#867ba9
げんじねず,#888084
うすこう,#f0cfa0
きいろ,#ffd900
ろくしょういろ,#47885e
しらふじいろ,#dbd0e6
はいいろ,#7d7d7d
うすき,#edd3a1
ちゅうき,#ffea00
ちとせみどり,#316745
ふじむらさき,#a59aca
なまりいろ,#7b7c7d
かれいろ,#e0c38c
なのはないろ,#ffec47
わかたけいろ,#68be8d
すみれいろ,#7058a3
にびいろ,#727171
うすこう,#f3bf88
きはだいろ,#fef263
みどり,#3eb370
あおむらさき,#674598
すみ,#595857
あんずいろ,#f7b977
たまごいろ,#fcd575
ときわいろ,#007b43
しょうぶいろ,#674196
どぶねずみ,#595455
しののめいろ,#f19072
はなばいろ,#fbd26b
ちぐさねず,#bed3ca
りんどういろ,#9079ad
けしずみいろ,#524e4d
あけぼのいろ,#f19072
かりやすいろ,#f5e56b
ちぐさいろ,#92b5a9
えどむらさき,#745399
あいすみちゃ,#474a4d
さんごしゅいろ,#ee836f
とうもろこしいろ,#eec362
せいじいろ,#7ebea5
ほんむらさき,#65318e
ようかんいろ,#383c3c
こきくちなし,#eb9b6f
かなりあいろ,#ebd842
あおたけいろ,#7ebeab
ぶどういろ,#522f60
ろういろ,#2b2b2b
そひ,#e0815e
きくちなしいろ,#ffdb4f
ときわみどり,#028760
ふかむらさき,#493759
くろ,#2b2b2b
うすきひ,#df7163
くちなしいろ,#fbca4d
とくさいろ,#3b7960
しこく,#2e2930
からすばいろ,#180614
まそほ,#d57c6b
ひまわりいろ,#fcc800
びろうど,#2f5d50
むらさき,#884898
てつぐろ,#281a14
あらいしゅ,#d0826c
やまぶきいろ,#f8b500
むしあお,#3a5b52
うすぶどう,#c0a2c7
ぬればいろ,#000b00
えんしゅうちゃ,#ca8269
うこんいろ,#fabf14
かわいろ,#475950
しこん,#460e44
こくたん,#250d00
べにかばいろ,#bb5548
とうおう,#f7c114
ふかみどり,#00552e
あんこうしょく,#74325c
けんぽうくろちゃ,#241a08
そほ,#ab6953
こんじき,#e6b422
てついろ,#005243
くわのみいろ,#55295b
あんこくしょく,#16160e
コーラルレッド,#ef857d
サンシャインイエロー,#ffedab
アイスグリーン,#a3d6cc
ウイスタリア,#8d93c8
ピンクアーモンド,#e3acae
ポピーレッド,#ea5550
クリームイエロー,#fff3b8
ターコイズグリーン,#00947a
ブルーラベンダー,#a4a8d4
ローズダスト,#e6c0c0
レッド,#ea5550
ネープルスイエロー,#fdd35c
シーグリーン,#00ac97
パンジー,#4d4398
ホワイト,#ffffff
トマトレッド,#ea5549
トパーズ,#e9bc00
ペパーミントグリーン,#00ac9a
バイオレット,#5a4498
スノーホワイト,#fafdff
バーミリオン,#ea553a
クロムイエロー,#fcc800
ピーコックグリーン,#00a497
ヘリオトロープ,#9079b6
ピンクホワイト,#fef9fb
スカーレット,#ea5532
クリーム,#e3d7a3
ナイルブルー,#2cb4ad
ディープロイヤルパープル,#47266e
ミルキーホワイト,#fffff9
キャロットオレンジ,#ed6d35
ストロー,#ece093
サックスブルー,#418b89
グレープ,#56256e
アンバーホワイト,#fff9f5
チャイニーズレッド,#ed6d46
ジャスミンイエロー,#edde7b
スレートグリーン,#3c7170
モーブ,#915da3
ラベンダーアイス,#f7f6fb
テラコッタ,#bd6856
アンティックゴールド,#c1ab05
テールグリーン,#006a6c
アイリス,#c7a5cc
パールホワイト,#f7f6f5
ココアブラウン,#98605e
オリーブ,#72640c
アクアグリーン,#88bfbf
ライラック,#d1bada
アイボリー,#f8f4e6
マホガニー,#6b3f31
オリーブドラブ,#665a1a
アクアマリン,#67b5b7
ラベンダー,#cab8d9
パウダーピンク,#f5ecf4
チョコレート,#6c3524
ジョンブリアン,#ffdc00
ピーコックブルー,#009e9f
クロッカス,#b79fcb
シルバーホワイト,#efefef
マルーン,#6a1917
イエロー,#ffdc00
ターコイズ,#009b9f
ラベンダーモーブ,#a688bd
フロスティグレイ,#e8ece9
セピア,#622d18
シトラス,#eddc44
カプリブルー,#00a3a7
パープル,#9b72b0
シルバーピンク,#eeeaec
コーヒー色,#7b5544
ライムライト,#fff799
ケンブリッジブルー,#25b7c0
ロイヤルパープル,#7f1184
ベージュカメオ,#eee9e6
ブラウン,#8f6552
カナリヤ,#fff462
ターコイズブルー,#00afcc
レーズン,#6b395f
エクリュ,#eee7e0
バーントシェンナ,#bb5535
ミモザ,#fff462
ホライズンブルー,#82cddd
プラム,#6c2463
ピンクベージュ,#ede4e1
アンバーローズ,#e6bfb2
レモンイエロー,#fff352
サマーシャワー,#a1d8e2
ラズベリー,#841a75
フロスティホワイト,#e6eae6
ベージュローゼ,#e8d3ca
メロンイエロー,#e0de94
ホリゾンブルー,#a1d8e6
フランボワーズ,#9a0d7c
オイスターホワイト,#eae8e1
サーモンピンク,#f3a68c
シャルトルーズイエロー,#e3e548
セルリアンブルー,#008db7
ダリアパープル,#a50082
ウィステリアミスト,#d3d6dd
サハラ,#e29676
ライムイエロー,#eaeea2
ダックブルー,#007199
オーキッドパープル,#af0082
クラウド,#d4d9df
アッシュローズ,#e6bfab
ライムグリーン,#e6eb94
マリンブルー,#006888
ラズベリーレッド,#9f166a
ムーングレイ,#d4d9dc
シェルピンク,#fbdac8
シャトルーズグリーン,#d9e367
マドンナブルー,#00608d
オーキッド,#d9aacd
チャイナクレイ,#d4dcd3
ベビーピンク,#fdede4
レタスグリーン,#d1de4c
エジプシャンブルー,#0073a8
リラ,#e0b5d3
サンドベージュ,#dcd6d2
ネールピンク,#fce4d6
オリーブグリーン,#5f6527
ベビーブルー,#bbe2f1
ローズタンドル,#e6afcf
オーキッドミスト,#d3d3d8
ローシェンナ,#e17b34
モスグリーン,#777e41
スカイブルー,#a0d8ef
オーキッドピンク,#da81b2
リードグレイ,#d4d9d6
キャラメル,#bc611e
グラスグリーン,#7b8d42
シャドウブルー,#719bad
シクラメンピンク,#d04f97
スカイグレイ,#cbd0d3
サンセット,#f6b483
スプリンググリーン,#9cbb1c
シアン,#00a1e9
マゼンタ,#e4007f
ラベンダーグレイ,#bcbace
シナモン,#be8f68
リーフグリーン,#9fc24d
ヨットブルー,#409ecc
ブーゲンビリア,#e62f8b
シルバー,#c9caca
タン,#bf783e
ホワイトリリー,#f0f6da
チョークブルー,#68a9cf
ルビー,#c70067
パールグレイ,#c9c9c4
シャンパン,#e9dacb
アスパラガスグリーン,#dbebc4
ピジョンブルー,#88b5d3
クラレット,#941f57
サンドグレイ,#c9c9c2
ピーチ,#fbd8b5
シトロングリーン,#618e34
スモークブルー,#a4c1d7
アザレ,#d83473
マーブルグレイ,#c0c5c2
カフェオレ,#946c45
メドウグリーン,#65ab31
フロスティブルー,#bbdbf3
コスモス,#dc6b9a
オパールグレイ,#bfbec5
オレンジ,#ee7800
アップルグリーン,#a7d28d
ブルーアシード,#006eb0
ロータスピンク,#de82a7
フレンチグレイ,#8da0b6
アプリコット,#f7b977
アイビーグリーン,#578a3d
コバルトブルー,#0068b7
オールドオーキッド,#e3adc1
ミスト,#b4aeb1
アンバー,#c2894b
スピナッチグリーン,#417038
サファイアブルー,#0068b7
ローズミスト,#debecc
アッシュブロンド,#b5b5ae
ブロンズ,#ac6b25
カクタス,#387d39
スペクトラムブルー,#0075c2
ローズドラジェ,#e5c1cd
フォッグ,#abb1b5
ヴァニラ,#e8c59c
スカイグリーン,#bee0c2
ブルー,#0075c2
チェリーピンク,#eb6ea0
ベージュグレイ,#b4ada9
コルク,#c49a6a
スペアミント,#79c06e
ゼニスブルー,#4496d3
オペラ,#e95388
シルバーグレイ,#afafb0
バーントアンバー,#6f5436
ミントグリーン,#89c997
ヘブンリーブルー,#68a4d9
ローズレッド,#ea618e
ストームグレイ,#aaaab0
ローアンバー,#866629
パロットグリーン,#37a34a
オーキッドグレイ,#bcc7d7
オールドライラック,#b0778c
グリーンフォッグ,#abb1ad
フレッシュ,#fad09e
サマーグリーン,#009944
パウダーブルー,#bccddb
ココア色,#6e4a55
アッシュグレイ,#9fa09e
ゴールデンイエロー,#f6ae54
オパールグリーン,#bee0ce
ライトブルー,#b2cbe4
ワインレッド,#b33e5c
ローズグレイ,#9d8e87
マンダリンオレンジ,#f3981d
スプレイグリーン,#a4d5bd
ベイビーブルー,#a2c2e6
ガーネット,#942343
エレファントスキン,#9f9f98
マリーゴールド,#f39800
ボトルグリーン,#004d25
デイドリーム,#a3b9e0
コチニールレッド,#c82c55
バトルシップグレイ,#898989
エクルベージュ,#f6e5cc
コバルトグリーン,#3cb37a
サルビアブルー,#94adda
ストロベリー,#e73562
ストーングレイ,#898880
オイスター,#eae1cf
エバーグリーン,#00984f
ヒヤシンスブルー,#7a99cf
ルビーレッド,#e73562
モスグレイ,#7e837f
オーカー,#ba8b40
マラカイトグリーン,#009854
ヒヤシンス,#6c9bd2
カーマイン,#d70035
ダブグレイ,#7d7b83
カーキー,#c5a05a
グリーン,#00a960
ミッドナイトブルー,#001e43
シグナルレッド,#e8383d
グレイ,#7d7d7d
バフ,#caac71
エメラルドグリーン,#00a968
ネービーブルー,#202f55
バーガンディー,#6c2735
スチールグレイ,#736d71
サフランイエロー,#fac559
フォレストグリーン,#288c66
プルシャンブルー,#192f60
ボルドー,#6c272d
アイビーグレイ,#666c67
パンプキン,#e5a323
ビリジアン,#00885a
アイアンブルー,#192f60
カメリア,#da536e
スレートグレイ,#626063
イエローオーカー,#c4972f
ホーリーグリーン,#006948
インディゴ,#043c78
ローズ,#e95464
グラファイト,#594e52
ブロンド,#f2d58a
ビリヤードグリーン,#005c42
インクブルー,#003f8e
ローズピンク,#f19ca7
チャコールグレイ,#4e454a
ベージュ,#eedcb3
クロムグリーン,#00533f
オリエンタルブルー,#26499d
ピンク,#f5b2b2
トープ,#504946
ビスケット,#ead7a4
アンティークグリーン,#54917f
ウルトラマリンブルー,#4753a2
フラミンゴピンク,#f5b2ac
ランプブラック,#24140e
レグホーン,#ffe9a9
ウォーターグリーン,#a5c9c1
ウルトラマリン,#434da2
オールドローズ,#e29399
ブラック,#000000
coral red,#ef857d
sunshine yellow,#ffedab
ice green,#a3d6cc
wistaria,#8d93c8
pink almond,#e3acae
poppy red,#ea5550
cream yellow,#fff3b8
turquoise green,#00947a
blue lavender,#a4a8d4
rose dust,#e6c0c0
red,#ea5550
naples yellow,#fdd35c
sea green,#00ac97
pannsy,#4d4398
white,#ffffff
tomato red,#ea5549
topaz,#e9bc00
peppermint green,#00ac9a
violet,#5a4498
snow white,#fafdff
vermilion,#ea553a
chrome yellow,#fcc800
peacock green,#00a497
heliotrope,#9079b6
pink white,#fef9fb
scarlet,#ea5532
cream,#e3d7a3
nile blue,#2cb4ad
deep royal purple,#47266e
milky white,#fffff9
carrot orange,#ed6d35
straw,#ece093
saxe blue,#418b89
grape,#56256e
amber white,#fff9f5
chinese red,#ed6d46
jasmine yellow,#edde7b
slate green,#3c7170
mauve,#915da3
lavender ice,#f7f6fb
terracotta,#bd6856
antique gold,#c1ab05
teal green,#006a6c
iris,#c7a5cc
pearl white,#f7f6f5
cocoa brown,#98605e
olive,#72640c
aqua green,#88bfbf
lilac,#d1bada
ivory,#f8f4e6
mahogany,#6b3f31
olive drab,#665a1a
aquamarine,#67b5b7
lavender,#cab8d9
powder pink,#f5ecf4
chocolate,#6c3524
jaune brillant,#ffdc00
peacock blue,#009e9f
crocus,#b79fcb
silver white,#efefef
marron,#6a1917
yellow,#ffdc00
turquoise,#009b9f
lavender mauve,#a688bd
frosty gray,#e8ece9
sepia,#622d18
citrus,#eddc44
capri blue,#00a3a7
purple,#9b72b0
silver pink,#eeeaec
coffee,#7b5544
limelight,#fff799
cambridge blue,#25b7c0
royal purple,#7f1184
beige cameo,#eee9e6
brown,#8f6552
canary yellow,#fff462
turquoise blue,#00afcc
raisin,#6b395f
ecru,#eee7e0
burnt sienna,#bb5535
mimosa,#fff462
horizon blue,#82cddd
plum,#6c2463
pink beige,#ede4e1
amber rose,#e6bfb2
lemon yellow,#fff352
summer shower,#a1d8e2
raspberry,#841a75
frosty white,#e6eae6
beige rose,#e8d3ca
melon yellow,#e0de94
horizon blue,#a1d8e6
framboise,#9a0d7c
oyster white,#eae8e1
salmon pink,#f3a68c
chartreuse yellow,#e3e548
cerulean blue,#008db7
dahlia purple,#a50082
wisteria mist,#d3d6dd
sahara,#e29676
lime yellow,#eaeea2
duck blue,#007199
orchid purple,#af0082
cloud,#d4d9df
ash rose,#e6bfab
lime green,#e6eb94
marine blue,#006888
raspberry red,#9f166a
moon gray,#d4d9dc
shell pink,#fbdac8
chartreuse green,#d9e367
madonna blue,#00608d
orchid,#d9aacd
china clay,#d4dcd3
baby pink,#fdede4
lettuce green,#d1de4c
egyptian blue,#0073a8
lilla,#e0b5d3
sand beige,#dcd6d2
nail pink,#fce4d6
olive green,#5f6527
baby blue,#bbe2f1
rose tendre,#e6afcf
orchid mist,#d3d3d8
raw sienna,#e17b34
moss green,#777e41
sky blue,#a0d8ef
orchid pink,#da81b2
reed gray,#d4d9d6
caramel,#bc611e
grass green,#7b8d42
shadow blue,#719bad
cyclamen pink,#d04f97
sky gray,#cbd0d3
sunset,#f6b483
spring green,#9cbb1c
cyan,#00a1e9
magenta,#e4007f
lavender gray,#bcbace
cinnamon,#be8f68
leaf green,#9fc24d
yacht blue,#409ecc
bougainvillaea,#e62f8b
silver,#c9caca
tan,#bf783e
white lily,#f0f6da
chalk blue,#68a9cf
ruby,#c70067
pearl gray,#c9c9c4
champagne,#e9dacb
asparagus green,#dbebc4
pigeon blue,#88b5d3
claret,#941f57
sand gray,#c9c9c2
peach,#fbd8b5
citron green,#618e34
smoke blue,#a4c1d7
azalee,#d83473
marble gray,#c0c5c2
cafe au lait,#946c45
meadow green,#65ab31
frosty blue,#bbdbf3
cosmos,#dc6b9a
opal gray,#bfbec5
orange,#ee7800
apple green,#a7d28d
bleu acide,#006eb0
lotus pink,#de82a7
french gray,#8da0b6
apricot,#f7b977
ivy green,#578a3d
cobalt blue,#0068b7
old orchid,#e3adc1
mist,#b4aeb1
amber,#c2894b
spinach green,#417038
sapphire blue,#0068b7
rose mist,#debecc
ash blond,#b5b5ae
bronze,#ac6b25
cactus,#387d39
spectrum blue,#0075c2
rose dragee,#e5c1cd
fog,#abb1b5
vanilla,#e8c59c
sky green,#bee0c2
blue,#0075c2
cherry pink,#eb6ea0
beige gray,#b4ada9
cork,#c49a6a
spearmint,#79c06e
zenith blue,#4496d3
opera,#e95388
silver gray,#afafb0
burnt umber,#6f5436
mint green,#89c997
heavenly blue,#68a4d9
rose red,#ea618e
storm gray,#aaaab0
raw umber,#866629
parrot green,#37a34a
orchid gray,#bcc7d7
old lilac,#b0778c
green fog,#abb1ad
flesh,#fad09e
summer green,#009944
powder blue,#bccddb
cocoa,#6e4a55
ash gray,#9fa09e
golden yellow,#f6ae54
opal green,#bee0ce
light blue,#b2cbe4
wine red,#b33e5c
rose gray,#9d8e87
mandarin orange,#f3981d
spray green,#a4d5bd
baby blue,#a2c2e6
garnet,#942343
elephant skin,#9f9f98
marigold,#f39800
bottle green,#004d25
day dream,#a3b9e0
cochineal red,#c82c55
battleship gray,#898989
ecru beige,#f6e5cc
cobalt green,#3cb37a
salvia blue,#94adda
strawberry,#e73562
stone gray,#898880
oyster,#eae1cf
evergreen,#00984f
hyacinth blue,#7a99cf
ruby red,#e73562
moss gray,#7e837f
ochre,#ba8b40
malachite green,#009854
hyacinth,#6c9bd2
carmine,#d70035
dove gray,#7d7b83
khaki,#c5a05a
green,#00a960
midnight blue,#001e43
signal red,#e8383d
gray,#7d7d7d
buff,#caac71
emerald green,#00a968
navy blue,#202f55
burgundy,#6c2735
steel gray,#736d71
saffron yellow,#fac559
forest green,#288c66
prussian blue,#192f60
bordeaux,#6c272d
ivy gray,#666c67
pumpkin,#e5a323
viridian,#00885a
iron blue,#192f60
camellia,#da536e
slate gray,#626063
yellow ocher,#c4972f
holly green,#006948
indigo,#043c78
rose,#e95464
graphite,#594e52
blond,#f2d58a
billiard green,#005c42
ink blue,#003f8e
rose pink,#f19ca7
charcoal gray,#4e454a
beige,#eedcb3
chrome green,#00533f
oriental blue,#26499d
pink,#f5b2b2
taupe,#504946
biscuit,#ead7a4
antique green,#54917f
ultramarine blue,#4753a2
flamingo pink,#f5b2ac
lamp black,#24140e
leghorn,#ffe9a9
water green,#a5c9c1
ultramarine,#434da2
old rose,#e29399
black,#000000
銀座線オレンジ(2014),#ff9500
丸ノ内線レッド(2014),#f62e36
日比谷線シルバー(2014),#b5b5ac
東西線スカイ(2014),#009bbf
千代田線グリーン(2014),#00bb85
有楽町線ゴールド(2014),#c1a470
半蔵門線パープル(2014),#8f76d6
南北線エメラルド(2014),#00ac9b
副都心線ブラウン(2014),#9c5e31
銀座線オレンジ,#f39700
丸の内線レッド,#e60012
日比谷線シルバー,#9caeb7
東西線スカイ,#00a7db
千代田線グリーン,#009944
有楽町線ゴールド,#d7c447
半蔵門線パープル,#9b7cb6
南北線エメラルド,#00ada9
副都心線ブラウン,#bb641d
浅草線ローズ,#e85298
三田線ブルー,#0079c2
新宿線リーフ,#6cbb5a
大江戸線ルビー,#b6007a
御堂筋線 臙脂,#e5171f
谷町線 京紫,#522886
四つ橋線 縹,#0078ba
中央線 緑,#019a66
千日前線 紅梅,#e44d93
堺筋線 マルーン,#814721
長堀鶴見緑地線 萌黄,#a9cc51
今里筋線 柑子,#ee7b1a
南港ポートタウン線 セルリアンブルー,#00a0de
Ginza Line Orange,#ff9500
Marunouchi Line Red,#f62e36
Hibiya Line Silver,#b5b5ac
Tozai Line Sky,#009bbf
Chiyoda Line Green,#00bb85
Yurakucho Line Gold,#c1a470
Hanzomon Line Purple,#8f76d6
Namboku Line Emerald,#00ac9b
Fukutoshin Line Brown,#9c5e31
Ginza Line Orange,#f39700
Marunouchi Line Red,#e60012
Hibiya Line Silver,#9caeb7
Tozai Line Sky,#00a7db
Chiyoda Line Green,#009944
Yurakucho Line Gold,#d7c447
Hanzomon Line Purple,#9b7cb6
Namboku Line Emerald,#00ada9
Fukutoshin Line Brown,#bb641d
Asakusa Line Rose,#e85298
Mita Line Blue,#0079c2
Shinjuku Line Leaf,#6cbb5a
Oedo Line Ruby,#b6007a
Midosuji Line Red,#e5171f
Tanimachi Line Purple,#522886
Yotsubashi Line Blue,#0078ba
Chuo Line Green,#019a66
Sennichimae Line Pink,#e44d93
Sakaisuji Line Marron,#814721
Nagahoritsurumiryokuchi Line Yellow Green,#a9cc51
Imazatosuji Line Orange,#ee7b1a
Nanko port town Line Cerulean Blue,#00a0de
